pubmed_id,year,title,journal,themes,subthemes,publication_types
42221328,2026,Large-scale meta- and cross-trait analyses uncover shared genetic risk factors for IBS and psychiatric disorders.,Frontiers in psychiatry,2;4,,Journal Article
42210358,2026,Examining the additive risk of TBI and comorbid conditions on dementia in military veterans: a retrospective cohort study.,Alzheimer's research & therapy,3;4;11;14,,Journal Article
42198943,2026,Traumatic Brain Injury and High Combat Exposure Pose Additive Risk for Specific Chronic Health Conditions in Veterans Affairs Million Veteran Program Enrollees.,Journal of neurotrauma,4;14,,Journal Article
42173832,2026,Genetic variants affect diurnal glucose levels throughout the day.,Nature communications,1;2,,Journal Article
42173079,2026,Integrated network pharmacology and Mendelian randomization analysis to elucidate potential mechanisms of curcumin and resveratrol in myocardial infarction treatment.,The Journal of pharmacology and experimental therapeutics,1;2;10,,Journal Article
42170857,2026,Opioid use disorder and dementia risk: evidence from observational and genetic analyses in diverse ancestry cohorts.,Alzheimer's & dementia : the journal of the Alzheimer's Association,2;4;11,,Journal Article;Observational Study
42162961,2026,Relationship between major depressive disorder and venous thromboembolism: a five-ancestry genetic analysis.,"Hematology (Amsterdam, Netherlands)",1;2;4,,Journal Article
42145622,2026,Germline polygenic score for prostate cancer aggressiveness.,medRxiv : the preprint server for health sciences,2;5,,Journal Article;Preprint
42142497,2026,Examining the prognostic utility of symptom etiology groupings on the VA's comprehensive traumatic brain injury evaluation.,Psychiatry research,4;14,,Journal Article
42078360,2026,X-Chromosome-Wide Association Study Identifies Novel Genetic Signals for Heart Failure and Subtypes.,medRxiv : the preprint server for health sciences,1;2,,Journal Article;Preprint
42064929,2026,Independent Genetic Effects of Glucagon-like Peptide-1 Receptor Locus on Body Mass Index and Type 2 Diabetes.,medRxiv : the preprint server for health sciences,1;2;16,,Journal Article;Preprint
42033863,2026,Toxic exposure and rates of suicidal thoughts and behaviors among U.S. military veterans.,Psychiatry research,4,,Journal Article;Observational Study
42017216,2026,Genome-Wide Association Study of Chronic Venous Insufficiency and Lymphedema in the Million Veteran Program.,Circulation. Genomic and precision medicine,1;2;5;10,,Journal Article
41948706,2026,Circulating Plasma Proteins Influence the Risk of Aortic Dissection via Blood Pressure: A Network Mendelian Randomization and Multi-Omics Study.,Journal of inflammation research,1;2;10,,Journal Article
41932550,2026,Deep learning and statistical methods identify novel asthma risk variants in Europeans.,The Journal of allergy and clinical immunology,2;3;13,,Journal Article
41904542,2026,An atlas of genetic effects on the monocyte methylome across European and African populations.,Genome medicine,1;2,,Journal Article
41896945,2026,Genomic interplay between deployment exposures and Gulf War illness in Million Veteran Program participants.,Human genomics,2,,Journal Article
41894076,2026,"Chronic pain and type 2 diabetes: associations between neuropathic and nociplastic pain conditions, health behaviors, and mental health in veterans.",Journal of behavioral medicine,1;4,,Journal Article
41877849,2026,Obstructive Sleep Apnea and Hypercoagulability: Combining Observational and Mendelian Randomization Analyses to Explore Causal Relationships.,Nature and science of sleep,1;2;10;13,,Journal Article
41846316,2026,Bayesian Mendelian randomization methods for index trait bias correction in subsequent trait genome-wide association studies.,HGG advances,1;2;10;14,,Journal Article
41840298,2026,Polygenic Contribution to Sensorineural Hearing Loss Implicates Novel Risk Loci and Convergence with Congenital Hearing Loss Genes.,Journal of the Association for Research in Otolaryngology : JARO,2;10;18,,Journal Article
41810366,2026,"Triglyceride-rich lipoproteins, low-density lipoproteins, and risk of abdominal aortic aneurysm.",medRxiv : the preprint server for health sciences,1;2,,Journal Article;Preprint
41805402,2026,Individual-Level Factors Associated With 10-Year Incidence of Alzheimer Disease and Related Dementias in the VA Million Veteran Program.,Neurology,3;4;11;14,,Journal Article
41801273,2026,Electronic Health Record-Linked Biobank Expansion Reveals Global Health Inequities.,Annual review of biomedical data science,3;8,,Journal Article;Review
41799924,2026,Osteoarthritis case identification in the million veteran program cohort: Comparison of diagnostic codes versus clinical notes.,Osteoarthritis and cartilage open,3,,Journal Article
41792138,2026,The genetic basis of dermatophytosis skin infection susceptibility.,Nature communications,2;8,,Journal Article;Meta-Analysis
41763442,2026,Genomic Study of Resilience to Posttraumatic Stress Disorder in the Million Veteran Program.,Biological psychiatry,2;4,,Journal Article
41763234,2026,Combined associations of GLP-1 receptor agonists and a healthy lifestyle with cardiovascular outcomes among individuals with type 2 diabetes: a prospective cohort study.,The lancet. Diabetes & endocrinology,1;4;14,,Journal Article
41741130,2026,"Cannabis use, cognitive function and dementia risk in older adults: observational and genetic analyses.",BMJ mental health,4;11,,Journal Article
41728327,2026,Genome-wide association study of corneal dystrophy uncovers novel risk loci and enables improved polygenic prediction of Fuchs endothelial corneal dystrophy.,medRxiv : the preprint server for health sciences,2;3,,Journal Article;Preprint
41717697,2026,Angiographic Burden of Coronary Atherosclerosis Partially Mediates the Association Between ASCVD Risk Factors and Outcomes.,Circulation. Genomic and precision medicine,1;2,,Journal Article
41705751,2026,Systemic Manifestations and Mortality Risk in Transthyretin V142I Variant Carriers: A Million Veteran Program Analysis.,JACC. CardioOncology,1;14,,Journal Article
41691648,2026,Cross-sectional Comparison of Social Drivers of Health in The Million Veteran Program and Behavioral Risk Factor Surveillance System (2011-2023).,Military medicine,6,,Journal Article
41683293,2026,Alcohol Intake and Incidence of Heart Failure and Its Subtypes: VA Million Veteran Program.,Nutrients,1;4,,Journal Article
41665936,2026,Carriage of rare APOB variants predisposes to severe steatotic liver disease and hepatocellular carcinoma.,The Journal of clinical investigation,1;5,,Journal Article;Meta-Analysis;Clinical Trial
41646717,2026,Epigenetics in Abdominal Aortic Aneurysm: Mechanisms and Risk Prediction.,medRxiv : the preprint server for health sciences,1;2;3,,Journal Article;Preprint
41646688,2026,Multi-ancestry epigenome wide association study of generalized anxiety disorder.,medRxiv : the preprint server for health sciences,2;4,,Journal Article;Preprint
41632728,2026,A Genome-Wide Association Study of Hidradenitis Suppurativa from the VA's Million Veteran Program.,"Dermatology (Basel, Switzerland)",2;12,,Journal Article
41626871,2026,"Large-Scaled Proteomics Analysis for Glaucoma: Integrated Genetics, Multi-Omics, UK Biobank and Therapeutic Analysis.",Investigative ophthalmology & visual science,2;18,,Journal Article
41615269,2026,Remote delivery of cancer genetic testing in veterans with metastatic prostate cancer: A Million Veteran Program pilot study.,Cancer,5;10;17,,Journal Article
41588240,2026,Genomic risk model to implement precision prostate cancer screening in clinical care: the ProGRESS study.,Nature cancer,2;5,,Journal Article
41572430,2026,SAIGE-GPU: accelerating genome- and phenome-wide association studies using GPUs.,"Bioinformatics (Oxford, England)",2,,Journal Article
41565822,2026,Biological insights into schizophrenia from ancestrally diverse populations.,Nature,2;4;6,,"Journal Article;Research Support, N.I.H., Extramural"
41548865,2026,Multiomics analyses prioritize disease genes and pathways in hidradenitis suppurativa.,The Journal of investigative dermatology,2;12,,Journal Article
41542675,2026,Phecoder: semantic retrieval for auditing and expanding ICD-based phenotypes in EHR biobanks.,medRxiv : the preprint server for health sciences,2;3;4,,Journal Article;Preprint
41513650,2026,A large-scale multi-ancestry genome-wide association study of chronic prostatitis/chronic pelvic pain syndrome in men.,Nature communications,2;4;5,,Journal Article
41511773,2026,Opportunistic Genomic Screening for Familial Hypercholesterolemia to Improve Low-Density Lipoprotein Cholesterol: A Randomized Clinical Trial.,JAMA network open,1;2;10,,Journal Article;Randomized Controlled Trial
41489281,2026,"Exploring Sex Differences in Irritable Bowel Syndrome Prevalence, Environmental Risk, and Comorbidities: A Population-Based Cohort Study of Veterans.",Clinical and translational gastroenterology,4,,Journal Article;Observational Study
41485611,2026,Dietary sodium and potassium intake and risk of diabetes in the Million Veteran Program.,Clinical nutrition ESPEN,1,,Journal Article
41466414,2025,"Genome-wide association for sarcoidosis identifies novel risk loci and genetic heritability in African and European ancestries: a meta-analysis from the Finngen, Million Veteran Program, UK Biobank, and Biobank Japan datasets.",Orphanet journal of rare diseases,2;9,,Journal Article
41445618,2025,Multivariate genome-wide association study of suicidal behaviors in >1.7 million individuals of diverse population descents.,medRxiv : the preprint server for health sciences,2;4,,Journal Article;Preprint
41420111,2026,"A multi-ancestry meta genome-wide association study of migraine among veterans: associations with traumatic brain injury, depression, and post-traumatic stress disorder.",Molecular psychiatry,2;4;14,,Journal Article;Meta-Analysis
41413047,2025,Genetic and dietary determinants of gut microbiome-bile acid interactions in the BXD genetic reference population.,Nature communications,,,Journal Article
41398582,2025,Alcohol consumption and risk of cancer: a Mendelian randomization analysis of four biobanks and consortium data.,BMC medicine,2;5;10;15,,Journal Article
41376171,2026,Leveraging large-scale biobanks for therapeutic target discovery.,HGG advances,2,,Journal Article
41331360,2026,Genetic architecture of suicidal ideation continuum: latent profile analysis of data using the million veteran program cohort.,Molecular psychiatry,2;4;11;13,,Journal Article
41294101,2025,Risk of Systemic Manifestations in Homozygous Carriers of the Transthyretin V142I Variant: A Million Veteran Program Analysis.,Journal of the American Heart Association,,,Journal Article
41286868,2025,Potential drug targets for chronic obstructive pulmonary disease in the plasma proteome identified through Mendelian randomization.,BMC pulmonary medicine,2;10;13,,Journal Article;Meta-Analysis
41282879,2025,Genome-wide association studies identify 77 loci for suicidality and provide novel biological insights.,medRxiv : the preprint server for health sciences,2;4,,Journal Article;Preprint
41282843,2025,Clinical validation of a statin-benefit polygenic score using real-world cohorts of primary prevention participants.,medRxiv : the preprint server for health sciences,1;2,,Journal Article;Preprint
41282674,2025,Integrative Proteome- and Phenome-Wide Assessment Uncovers Causal Protein Drivers and Drug Targets for Heterogeneous Kidney Diseases.,medRxiv : the preprint server for health sciences,1;2;3,,Journal Article;Preprint
41273924,2026,Effects of TBI history and sleep on subjective cognition in Veterans: A VA Million Veteran Program study.,Journal of psychiatric research,14,,Journal Article
41259721,2026,Metabolic Improvement Mediates the Causal Relationship Between GLP-1 Receptor Agonists and Myocardial Infarction: A Mendelian Randomization and Mediation Analysis Study.,Diabetes care,1;2;10,,Journal Article
41165296,2025,Genetic Variation in the Alternative Complement Pathway Contributes to Individual Susceptibility to Bacteremia and Sepsis.,Critical care explorations,2;8,,Journal Article
41140761,2026,Leveraging Natural Language Processing to Accurately Identify Histologically Confirmed Esophageal and Gastric Premalignant and Malignant Conditions Using a Large-Scale Health-Record Linked Genomic Biobank.,Gastro hep advances,2;3,,Journal Article
41086816,2025,A scalable framework for identifying allelic series from summary statistics.,American journal of human genetics,2,,Journal Article
41064534,2025,Genetically Prioritized Plasma Proteins as Candidate Therapeutic Targets for Dry Age-Related Macular Degeneration.,Journal of ophthalmology,2;18,,Journal Article
41032333,2025,"Polygenic Susceptibility in Peripartum, Alcohol-Induced, and Cancer Therapy-Related Cardiomyopathies.",JAMA cardiology,2;5;10,,Journal Article
41017299,2025,Genotype-by-sex interaction analyses for alcohol use disorder across biobanks.,"Alcohol, clinical & experimental research",2;3;4,,Journal Article
41001506,2025,Germline Variants Influence Chronic Liver Disease Progression through Distinct Pathways.,medRxiv : the preprint server for health sciences,1;2;5;11,,Journal Article;Preprint
40973184,2025,Large language models for extracting histopathologic diagnoses of colorectal cancer and dysplasia from electronic health records.,BMJ open gastroenterology,5;9,,Journal Article;Validation Study
40971195,2025,Genome-Wide Association Study of Hypoglycemia in Adults With Diabetes in the Million Veteran Program.,Diabetes,1;2;6;16,,Journal Article
40953603,2025,"Association of HOXB13 G84E With Prostate Cancer Among 592,158 Men.",Journal of the National Comprehensive Cancer Network : JNCCN,5;17,,"Journal Article;Research Support, N.I.H., Intramural"
40913361,2026,Proteome-Guided Drug Target Discovery for Periodontitis.,Journal of clinical periodontology,2,,"Journal Article;Research Support, Non-U.S. Gov't"
40912238,2025,A semi-empirical Bayes approach for calibrating weak instrumental bias in sex-specific Mendelian randomization studies.,American journal of human genetics,1;2;10;13,,Journal Article
40903904,2026,Genetics of SSRI antidepressant use and relationship to psychiatric and medical traits.,HGG advances,2;4,,Journal Article
40901574,2025,Multi-Ancestry Mendelian Randomization Reveals Lipid-Associated Genetic Risk Factors for COPD.,International journal of chronic obstructive pulmonary disease,1;2;10;13,,Journal Article;Meta-Analysis
40894127,2025,A Multivariate Genomic Investigation of the Externalizing Spectrum and Suicide Risk.,medRxiv : the preprint server for health sciences,2;4,,Journal Article;Preprint
40894051,2025,Multi-ancestry Genome-wide Association Study of Inpatient Opioid Dosing Following Knee or Hip Arthroplasty.,Research square,2;4,,Journal Article;Preprint
40883272,2025,"Clustering of lymphoid neoplasms by cell of origin, somatic mutation and drug usage profiles: a multi-trait genome-wide association study.",Blood cancer journal,2;3;5,,Journal Article
40878746,2025,"Mendelian randomization, lipids, and coronary artery disease: trade-offs between study designs and assumptions.",American journal of epidemiology,1;2;10,,Journal Article
40840450,2025,"Phenome-wide association study of male and female sex chromosome trisomies in 1.5 million participants of MVP, FinnGen, and UK Biobank.",American journal of human genetics,1;2;18,,"Journal Article;Research Support, N.I.H., Extramural"
40819635,2025,Identification of a subgroup of post-9/11 veterans with unique combat experiences and worse clinical outcomes.,Psychiatry research,4,,Journal Article
40802183,2025,"Polygenic Risk, Agent Orange Exposure, and Lymphoid Neoplasms in the Veterans Affairs Million Veteran Program.",JAMA network open,2;5,,Journal Article
40799756,2025,Using Real-World Data on Depression from EHR-based Research Networks: A Scoping Review.,Research square,3;4,,Journal Article;Preprint
40790903,2025,Association of COVID-19 Susceptibility and Severity with Primary Angle-Closure Glaucoma.,Ophthalmic epidemiology,8;18,,Journal Article
40778174,2025,Multi-ancestry Genome-wide Association Study of Inpatient Opioid Dosing Following Knee or Hip Arthroplasty.,medRxiv : the preprint server for health sciences,2;4,,Journal Article;Preprint
40730666,2025,Genome-wide analysis of 3' untranslated region alternative polyadenylation quantitative trait loci identified a potential novel susceptibility locus for lung cancer in cross-ancestry populations.,Journal of human genetics,2;5,,Journal Article
40695203,2025,"Traumatic brain injury, environmental exposures, and subjective cognition in post-9/11 veterans enrolled in the VA Million Veteran Program.",Journal of the neurological sciences,14,,Journal Article
40691405,2025,"A contextual genomic perspective on physical activity and its relationship to health, well being and illness.",Nature genetics,2;7;8,,Journal Article;Meta-Analysis
40684263,2025,Leveraging global genetics resources to enhance polygenic prediction across ancestrally diverse populations.,HGG advances,2,,Journal Article
40673980,2025,Characterizing the HLA region's genetic architecture through local heritability and correlation analyses across complex traits in diverse ancestries.,Human genetics,1;2;4;8,,Journal Article
40666354,2025,A genome-wide association study of hidradenitis suppurativa from the VA's Million Veteran Program.,medRxiv : the preprint server for health sciences,2;12,,Journal Article;Preprint
40536509,2025,Diet composition impacts the natural history of steatotic liver disease.,Hepatology communications,1,,Journal Article
40483170,2025,Genome-wide association study in chondrocalcinosis reveals ENPP1 as a candidate therapeutic target in calcium pyrophosphate deposition disease.,Annals of the rheumatic diseases,2,,Journal Article
40475156,2025,Multi-ancestry genetic architecture of sleep duration and its relationship to other sleep and psychiatric phenotypes.,medRxiv : the preprint server for health sciences,2;4;7,,Journal Article;Preprint
40472801,2025,Polygenic scores for obstructive sleep apnoea reveal pathways contributing to cardiovascular disease.,EBioMedicine,1;2;14,,Journal Article
40465239,2025,Drug-Gene Interactions and Clinical Outcomes After Vascular Surgery in the Million Veteran Program.,JAMA surgery,1;14;16,,Journal Article
40463544,2025,Manual Validation of an Algorithm for Identifying Osteoarthritis within the Centralized Interactive Phenomics Resource of the Million Veteran Program.,medRxiv : the preprint server for health sciences,3,,Journal Article;Preprint
40459439,2025,CYP2C19 Polymorphisms and Clinical Outcomes Following Percutaneous Coronary Intervention in the Million Veteran Program.,Clinical pharmacology and therapeutics,1;14;16,,Journal Article
40366759,2026,Unraveling the genetics of gulf war illness in diverse participants enrolled in the million veteran program.,Human molecular genetics,1;2;4,,Journal Article
40357661,2025,Cross-Ancestry Associations of Spontaneous Coronary Artery Dissection Genetic Risk With Coronary Atherosclerosis and Migraine Headache.,Journal of the American Heart Association,1;2;14,,Journal Article
40349666,2025,An evaluation and comparison of traumatic brain injury data sources within the VA Million Veteran Program: A descriptive epidemiological study.,Journal of psychiatric research,3;14,,Journal Article;Comparative Study
40328918,2025,Multi-ancestry genome-wide association meta-analysis of buprenorphine treatment response.,Neuropsychopharmacology : official publication of the American College of Neuropsychopharmacology,2;4,,Journal Article;Meta-Analysis
40322892,2025,Multi-ancestry genome-wide association study of topiramate's effects on heavy alcohol use.,"Alcohol, clinical & experimental research",2;4,,Journal Article
40321252,2025,"A contextual genomic perspective on physical activity and its relationship to health, well-being and illness.",medRxiv : the preprint server for health sciences,2;4;7;8,,Journal Article;Preprint
40316537,2025,Discovery of novel ancestry specific genes for androgens and hypogonadism in Million Veteran Program Men.,Nature communications,1;2,,Journal Article;Meta-Analysis
40313292,2025,Large language models for extracting histopathologic diagnoses of colorectal cancer and dysplasia from electronic health records.,medRxiv : the preprint server for health sciences,5;9,,Journal Article;Preprint
40313291,2025,Genome-Wide Assessment of Pleiotropy Across >1000 Traits from Global Biobanks.,medRxiv : the preprint server for health sciences,2,,Journal Article;Preprint
40287056,2025,Proteomic insights into metabolic dysfunction-associated steatotic disease: Identifying therapeutic targets and assessing on-target side effects.,Life sciences,1;2,,Journal Article
40255156,2025,Dissecting the Genetic Architecture of Intracranial Aneurysms.,Circulation. Genomic and precision medicine,1;2;14,,Journal Article;Meta-Analysis
40230699,2025,Mendelian randomization study highlights the role of hematological traits on Type-2 diabetes mellitus in African ancestry individuals.,Frontiers in pharmacology,1;2;10,,Journal Article
40166553,2025,Genome-wide association study of dry eye disease reveals shared heritability with systemic comorbidities.,medRxiv : the preprint server for health sciences,2;4;18,,Journal Article;Preprint
40166541,2025,Trans-ancestry genome-wide association meta-analysis of gallstone disease.,medRxiv : the preprint server for health sciences,1;2,,Journal Article;Preprint
40121538,2025,Primary care providers' perspectives on receiving opportunistic genomic results from a national study: The Million Veteran Program Return Of Actionable Results (MVP-ROAR) Study.,Genetics in medicine : official journal of the American College of Medical Genetics,2;10,,Journal Article
40009360,2025,Risk of Major Adverse Cardiovascular Events Following Nicotinamide Exposure.,JAMA dermatology,1,,Journal Article
39974097,2025,Specificity of a polygenic score for aggressive prostate cancer.,medRxiv : the preprint server for health sciences,2;5,,Journal Article;Preprint
39974076,2025,"Prevalence and disease risks for male and female sex chromosome trisomies: a registry-based phenome-wide association study in 1.5 million participants of MVP, FinnGen, and UK Biobank.",medRxiv : the preprint server for health sciences,1;2;18,,Journal Article;Preprint
39974071,2025,Modeling diagnostic code dropout of schizophrenia in electronic health records improves phenotypic data quality and cross-ancestry transferability of polygenic scores.,medRxiv : the preprint server for health sciences,2;3;4,,Journal Article;Preprint
39934103,2025,Multi-ancestry meta-analysis of genome-wide association studies discovers 67 new loci associated with chronic back pain.,Nature communications,2;4,,Journal Article;Meta-Analysis
39930085,2025,"Genome-wide association study of prostate-specific antigen levels in 392,522 men identifies new loci and improves prediction across ancestry groups.",Nature genetics,2;5;6,,Journal Article;Meta-Analysis
39921525,2025,Dietary Cholesterol and Myocardial Infarction in the Million Veteran Program.,Journal of the American Heart Association,1,,Journal Article
39915329,2025,Large-scale multi-omics identifies drug targets for heart failure with reduced and preserved ejection fraction.,Nature cardiovascular research,1;2,,Journal Article
39865691,2025,"The VA Million Veteran Program, Alzheimer's disease, and genetics: Important steps forward but many steps still to go on the march to control dementia and Alzheimer's disease.",Journal of Alzheimer's disease : JAD,11,,Journal Article
39853431,2025,The impact of imprecise case definitions in electronic health record research: a melanoma case-study from the Million Veteran Program.,Archives of dermatological research,2;3;5,,Journal Article
39825822,2025,Characterization of the phenotypic consequences of the Duffy-null genotype.,Blood advances,2;6,,Journal Article
39802770,2025,A semi-empirical Bayes approach for calibrating weak instrumental bias in sex-specific Mendelian randomization studies.,medRxiv : the preprint server for health sciences,1;2;10;13,,Journal Article;Preprint
39786773,2025,Utility of Candidate Genes From an Algorithm Designed to Predict Genetic Risk for Opioid Use Disorder.,JAMA network open,2;3;4,,"Journal Article;Research Support, U.S. Gov't, Non-P.H.S.;Research Support, N.I.H., Extramural;Research Support, Non-U.S. Gov't"
39763526,2024,Opioid use disorder and brain health: observational and genetic associations.,medRxiv : the preprint server for health sciences,1;2;3;4;11;14,,Journal Article;Preprint
39757155,2025,Investigating the causal effects of childhood and adulthood adiposity on later life mental health outcome: a Mendelian randomization study.,BMC medicine,2;4;10,,Journal Article
39692476,2025,Curation and validation of electronic medical record-based dementia diagnoses in the VA Million Veteran Program.,Journal of Alzheimer's disease : JAD,3;11,,Journal Article;Validation Study
39658624,2025,Neuropsychiatric polygenic scores are weak predictors of professional categories.,Nature human behaviour,2,,Journal Article
39641929,2024,Cardiovascular Health Score and Atherosclerotic Cardiovascular Disease in the Million Veteran Program.,JAMA network open,1,,"Journal Article;Research Support, U.S. Gov't, Non-P.H.S."
39629945,2025,"Oral Health, Inflammation, and Cardiometabolic Factors in the VA Million Veteran Program.",JDR clinical and translational research,1,,Journal Article
39623103,2024,Genome-wide association analyses identify distinct genetic architectures for age-related macular degeneration across ancestries.,Nature genetics,2;6;18,,Journal Article
39580711,2024,A Mendelian randomization study of alcohol use and cardiometabolic disease risk in a multi-ancestry population from the Million Veteran Program.,"Alcohol, clinical & experimental research",1;2;9;10,,Journal Article
39551068,2024,Effectiveness and safety of immune checkpoint inhibitors in Black patients versus White patients in a US national health system: a retrospective cohort study.,The Lancet. Oncology,5;6,,"Journal Article;Comparative Study;Research Support, Non-U.S. Gov't"
39549463,2024,Social connection and suicidal thoughts and behaviors in the Million Veteran Program cohort.,Journal of psychiatric research,,,Journal Article
39543357,2025,"HSD3B1, prostate cancer mortality and modifiable outcomes.",Nature reviews. Urology,5,,"Journal Article;Review;Research Support, N.I.H., Intramural"
39541127,2025,Performance of Polygenic Risk Scores for Primary Open-Angle Glaucoma in Populations of African Descent.,JAMA ophthalmology,2;18,,Journal Article;Multicenter Study
39507405,2024,A landmark federal interagency collaboration to promote data science in health care: Million Veteran Program-Computational Health Analytics for Medical Precision to Improve Outcomes Now.,JAMIA open,1;2;3;4;5,,Journal Article;Review
39493575,2024,Racial and Ethnic Disparities in Dietary Intake and Quality Among United States Veterans.,Current developments in nutrition,1;6,,Journal Article
39456027,2024,Association of deployment characteristics and exposures with persistent ill health among 1990-1991 Gulf War veterans in the VA Million Veteran Program.,Environmental health : a global access science source,,,Journal Article
39453656,2024,GLP1R Gene Expression and Kidney Disease Progression.,JAMA network open,1;2,,"Journal Article;Research Support, N.I.H., Extramural;Research Support, U.S. Gov't, Non-P.H.S.;Research Support, U.S. Gov't, P.H.S."
39371182,2024,"Exome wide association study for blood lipids in 1,158,017 individuals from diverse populations.",medRxiv : the preprint server for health sciences,1;2,,Journal Article;Preprint
39366959,2024,Multi-ancestry GWAS meta-analyses of lung cancer reveal susceptibility loci and elucidate smoking-independent genetic risk.,Nature communications,2;4;5,,"Journal Article;Meta-Analysis;Research Support, N.I.H., Extramural;Research Support, Non-U.S. Gov't"
39336717,2024,"A Multivariable Mendelian Randomization Study of Systolic and Diastolic Blood Pressure, Lipid Profile, and Heart Failure Subtypes.",Genes,1;2;10,,Journal Article
39327043,2024,Military and occupational exposures among Veterans in the Million Veteran Program by survey self-report: a descriptive study.,Occupational and environmental medicine,,,"Journal Article;Research Support, Non-U.S. Gov't"
39314966,2024,Obstructive sleep apnea mediates genetic risk of Diabetes Mellitus: The Hispanic Community Health Study/Study of Latinos.,medRxiv : the preprint server for health sciences,1;2;6;13,,Journal Article;Preprint
39309525,2024,Causal relationships between gut microbiome and obstructive sleep apnea: a bi-directional Mendelian randomization.,Frontiers in microbiology,2;10;13,,Journal Article
39278656,2025,Osteoarthritis Across Joint Sites in the Million Veteran Program Cohort: Insights From Electronic Health Records and Military Service History.,The Journal of rheumatology,,,Journal Article
39254429,2024,Recalibrating the Genetics and Epidemiology of Colorectal Cancer Consortium Environmental Risk Score for Use in US Veterans.,"Cancer epidemiology, biomarkers & prevention : a publication of the American Association for Cancer Research, cosponsored by the American Society of Preventive Oncology",5,,Journal Article
39247144,2024,"No Replication of Alzheimer's Disease Genetics as a Moderator of Combat Exposure's Association with PTSD risk in 138,592 Combat Veterans.",Nature. Mental health,2;4;11,,Journal Article
39228734,2024,"Genetics of posttraumatic stress disorder and cardiovascular conditions using Life's Essential 8, Electronic Health Records, and Heart Imaging.",medRxiv : the preprint server for health sciences,1;2;4,,Journal Article;Preprint
39226462,2024,Whole-genome analysis of plasma fibrinogen reveals population-differentiated genetic regulators with putative liver roles.,Blood,2,,Journal Article
39211851,2025,An atlas of genetic effects on the monocyte methylome across European and African populations.,medRxiv : the preprint server for health sciences,2,,Journal Article;Preprint
39193854,2025,Cognitive symptoms in veterans with migraine or traumatic brain injury: A Million Veteran Program study.,Headache,4;14,,"Journal Article;Observational Study;Research Support, U.S. Gov't, Non-P.H.S."
39163132,2024,Protein-truncating variant in APOL3 increases chronic kidney disease risk in epistasis with APOL1 risk alleles.,JCI insight,1;2,,Journal Article
39158558,2024,Measuring Frailty Using Self-Report or Automated Tools to Identify Risk of Cardiovascular Events and Mortality: The Million Veteran Program.,Journal of the American Heart Association,1;11;14,,Journal Article
39158361,2024,Development of electronic health record based algorithms to identify individuals with diabetic retinopathy.,Journal of the American Medical Informatics Association : JAMIA,1;2;3;18,,"Journal Article;Validation Study;Research Support, N.I.H., Extramural;Research Support, Non-U.S. Gov't"
39158116,2025,Genetically predicted lipoprotein(a) associates with coronary artery plaque severity independent of low-density lipoprotein cholesterol.,European journal of preventive cardiology,1;2,,Journal Article
39134740,2024,A genome-wide investigation into the underlying genetic architecture of personality traits and overlap with psychopathology.,Nature human behaviour,2;4,,Journal Article;Meta-Analysis
39073889,2024,Single-Ancestry versus Multi-Ancestry Polygenic Risk Scores for CKD in Black American Populations.,Journal of the American Society of Nephrology : JASN,1;2;6;14,,Journal Article
39038097,2024,Protein Identification for Stroke Progression via Mendelian Randomization in Million Veteran Program and UK Biobank.,Stroke,1;2;10;14,14.2-stroke-cerebro,"Journal Article;Research Support, N.I.H., Extramural;Research Support, U.S. Gov't, Non-P.H.S.;Research Support, Non-U.S. Gov't"
39024449,2024,Diversity and scale: Genetic architecture of 2068 traits in the VA Million Veteran Program.,"Science (New York, N.Y.)",2;6,,"Journal Article;Research Support, Non-U.S. Gov't;Research Support, U.S. Gov't, Non-P.H.S.;Research Support, N.I.H., Extramural"
39006437,2024,Increased BMI associated with decreased breastfeeding initiation in Million Veteran Program participants.,medRxiv : the preprint server for health sciences,1;2;15,,Journal Article;Preprint
39004925,2024,Development and validation of an electronic health record-based algorithm for identifying TBI in the VA: A VA Million Veteran Program study.,Brain injury,3;14,,Journal Article;Validation Study
38987242,2024,Characterising the genetic architecture of changes in adiposity during adulthood using electronic health records.,Nature communications,1;2;11,,Journal Article
38967582,2024,Clinical and genetic risk factors for progressive fibrosis in metabolic dysfunction-associated steatotic liver disease.,Hepatology communications,1;2,,"Journal Article;Research Support, N.I.H., Extramural;Research Support, U.S. Gov't, Non-P.H.S."
38951900,2024,"Subjective cognitive concerns, APOE ε4, PTSD symptoms, and risk for dementia among older veterans.",Alzheimer's research & therapy,2;4;11;14,,"Journal Article;Research Support, N.I.H., Extramural;Research Support, Non-U.S. Gov't"
38918629,2024,Adaptive selection at G6PD and disparities in diabetes complications.,Nature medicine,1;2;6;10;18,,Journal Article
38897203,2024,Identification and correction for collider bias in a genome-wide association study of diabetes-related heart failure.,American journal of human genetics,1;2,,Journal Article
38870908,2024,Genome-wide association study of the common retinal disorder epiretinal membrane: Significant risk loci in each of three American populations.,Cell genomics,2;6;18,,Journal Article
38865417,2024,Healthy lifestyle and prostate cancer risk in the Million Veteran Program.,Cancer,2;5,,Journal Article
38845201,2024,Transcriptome-wide association analysis identifies candidate susceptibility genes for prostate-specific antigen levels in men without prostate cancer.,HGG advances,2;5,,Journal Article
38826407,2024,Accelerating Genome- and Phenome-Wide Association Studies using GPUs - A case study using data from the Million Veteran Program.,bioRxiv : the preprint server for biology,2,,Journal Article;Preprint
38798430,2024,"Candidate Genes from an FDA-Approved Algorithm Fail to Predict Opioid Use Disorder Risk in Over 450,000 Veterans.",medRxiv : the preprint server for health sciences,3;4,,Preprint;Journal Article
38797326,2024,Genome-wide association study of hospitalized patients and acute kidney injury.,Kidney international,1;2,,"Journal Article;Meta-Analysis;Research Support, Non-U.S. Gov't;Research Support, N.I.H., Extramural"
38779869,2024,Agent orange exposure and prostate cancer risk in the million veteran program.,"Acta oncologica (Stockholm, Sweden)",2;5,,Journal Article
38762090,2024,Design and pilot results from the Million Veteran Program Return Of Actionable Results (MVP-ROAR) Study.,American heart journal,1;10;17,,"Journal Article;Randomized Controlled Trial;Research Support, Non-U.S. Gov't;Research Support, U.S. Gov't, Non-P.H.S."
38634508,2024,Genetic Causal Relationship Between Alanine Aminotransferase Levels and Risk of Gestational Diabetes Mellitus: Mendelian Randomization Analysis Based on Two Samples.,Twin research and human genetics : the official journal of the International Society for Twin Studies,1;2;10;15,,"Journal Article;Research Support, Non-U.S. Gov't"
38608262,2024,"Type 1 Diabetes Genetic Risk in 109,954 Veterans With Adult-Onset Diabetes: The Million Veteran Program (MVP).",Diabetes care,1;2,,Journal Article
38582945,2024,"A multi-ancestry GWAS of Fuchs corneal dystrophy highlights the contributions of laminins, collagen, and endothelial cell regulation.",Communications biology,2;6,,Meta-Analysis;Journal Article
38577307,2023,Leveraging the Million Veteran Program Infrastructure and Data for a Rapid Research Response to COVID-19.,"Federal practitioner : for the health care professionals of the VA, DoD, and PHS",8,,Journal Article
38551561,2024,"Prevalence, Morbidity, and Mortality of Men With Sex Chromosome Aneuploidy in the Million Veteran Program Cohort.",JAMA network open,2;17,,"Journal Article;Research Support, Non-U.S. Gov't;Research Support, N.I.H., Extramural;Research Support, U.S. Gov't, Non-P.H.S."
38545784,2024,Evaluation of Plasma Biomarkers for Causal Association With Peripheral Artery Disease.,"Arteriosclerosis, thrombosis, and vascular biology",1;2,,"Journal Article;Research Support, N.I.H., Extramural;Research Support, Non-U.S. Gov't;Research Support, U.S. Gov't, Non-P.H.S."
38512255,2024,Long-Term Body Mass Index Variability and Adverse Cardiovascular Outcomes.,JAMA network open,1;2;6;14,,"Journal Article;Research Support, U.S. Gov't, Non-P.H.S."
38506808,2024,Adrenal-Permissive Germline HSD3B1 Allele and Prostate Cancer Outcomes.,JAMA network open,5,,"Journal Article;Research Support, Non-U.S. Gov't;Research Support, U.S. Gov't, Non-P.H.S."
38505680,2024,Causal effects from nonalcoholic fatty liver disease on cholelithiasis: A mendelian randomization study.,Health science reports,1;2;10,,Journal Article
38483390,2024,"Migraine Prevalence, Environmental Risk, and Comorbidities in Men and Women Veterans.",JAMA network open,4;6;14,,"Journal Article;Research Support, U.S. Gov't, Non-P.H.S."
38476344,2023,Data resource profile: nutrition data in the VA million veteran program.,International journal of population data science,,,Journal Article
38464744,2024,Development and utility of a clinical research informatics application for participant recruitment and workflow management for a return of results pilot trial in familial hypercholesterolemia in the Million Veteran Program.,JAMIA open,10;17,,Journal Article
38441278,2024,An extra X chromosome among adult women in the Million Veteran Program: A more benign perspective of trisomy X.,"American journal of medical genetics. Part C, Seminars in medical genetics",1;2;11;18,,Journal Article
38429522,2024,"A multi-ancestry genetic study of pain intensity in 598,339 veterans.",Nature medicine,2;4,,Meta-Analysis;Journal Article
38416462,2024,Novel Polygenic Risk Score and Established Clinical Risk Factors for Risk Estimation of Aortic Stenosis.,JAMA cardiology,1;2,,Randomized Controlled Trial;Journal Article
38382819,2024,Unraveling COVID-19 relationship with anxiety disorders and symptoms using genome-wide data.,Journal of affective disorders,2;4;8,,"Journal Article;Research Support, N.I.H., Extramural"
38380516,2024,Multi-Ancestry Polygenic Risk Score for Coronary Heart Disease Based on an Ancestrally Diverse Genome-Wide Association Study and Population-Specific Optimization.,Circulation. Genomic and precision medicine,1;2;6,,Journal Article
38355787,2024,Pleiotropy and genetically inferred causality linking multisite chronic pain to substance use disorders.,Molecular psychiatry,2;4,,Journal Article
38352469,2024,Protein identification for stroke progression via Mendelian Randomization in Million Veteran Program and UK Biobank.,medRxiv : the preprint server for health sciences,1;2;10;14,14.2-stroke-cerebro,Preprint;Journal Article
38330144,2024,Genetic Analysis of Obstructive Sleep Apnea and Its Relationship with Severe COVID-19.,Annals of the American Thoracic Society,2;8;13,,Journal Article
38293137,2024,A genome-wide investigation into the underlying genetic architecture of personality traits and overlap with psychopathology.,medRxiv : the preprint server for health sciences,2;4,,Preprint;Journal Article
38264362,2023,Plant-based diets and the incidence of cardiovascular disease: the Million Veteran Program.,"BMJ nutrition, prevention & health",1;14,,Journal Article
38248536,2024,"The Million Veteran Program 1990-1991 Gulf War Era Survey: An Evaluation of Veteran Response, Characteristics, and Representativeness of the Gulf War Era Veteran Population.",International journal of environmental research and public health,6,,"Journal Article;Research Support, U.S. Gov't, Non-P.H.S."
38242899,2024,Genetic architecture distinguishes tinnitus from hearing loss.,Nature communications,2;18,,"Meta-Analysis;Journal Article;Research Support, U.S. Gov't, Non-P.H.S."
38163586,2024,Red Meat Intake and the Risk of Cardiovascular Diseases: A Prospective Cohort Study in the Million Veteran Program.,The Journal of nutrition,1;3;6;14,,"Journal Article;Research Support, U.S. Gov't, Non-P.H.S.;Research Support, Non-U.S. Gov't"
38130828,2024,Parkinson Disease Genetics Extended to African and Hispanic Ancestries in the VA Million Veteran Program.,Neurology. Genetics,2;3;6;11,,Journal Article
38087273,2023,Moderate alcohol consumption on the risk of stroke in the Million Veteran Program.,BMC public health,1;3;14,14.2-stroke-cerebro,"Journal Article;Research Support, U.S. Gov't, Non-P.H.S."
38074507,2024,A missense variant in human perilipin 2 (PLIN2 Ser251Pro) reduces hepatic steatosis in mice.,JHEP reports : innovation in hepatology,1,,Journal Article
38065710,2024,Impact of 8 lifestyle factors on mortality and life expectancy among United States veterans: The Million Veteran Program.,The American journal of clinical nutrition,4,,"Journal Article;Research Support, Non-U.S. Gov't"
38036714,2023,"Genome-Wide Association Study of Chronic Dizziness in the Elderly Identifies Loci Implicating MLLT10, BPTF, LINC01224, and ROS1.",Journal of the Association for Research in Otolaryngology : JARO,2;6;11;14,,"Meta-Analysis;Journal Article;Research Support, N.I.H., Extramural"
38014167,2024,Development of Portable Electronic Health Record Based Algorithms to Identify Individuals with Diabetic Retinopathy.,medRxiv : the preprint server for health sciences,1;2;3;18,,Preprint;Journal Article
37985822,2023,Multi-ancestry genome-wide association study of cannabis use disorder yields insight into disease biology and public health implications.,Nature genetics,2;4;5,,"Meta-Analysis;Journal Article;Research Support, Non-U.S. Gov't;Research Support, U.S. Gov't, Non-P.H.S."
37967698,2024,Brainwide Mendelian Randomization Study of Anxiety Disorders and Symptoms.,Biological psychiatry,2;4;10,,Journal Article
37962888,2023,Mendelian Randomization Analysis of Genetic Proxies of Thiazide Diuretics and the Reduction of Kidney Stone Risk.,JAMA network open,1;2;10,,"Meta-Analysis;Journal Article;Research Support, U.S. Gov't, Non-P.H.S.;Research Support, N.I.H., Extramural"
37961706,2024,CXCL12 drives natural variation in coronary artery anatomy across diverse populations.,medRxiv : the preprint server for health sciences,1;2,,Journal Article;Preprint
37961155,2024,"Genome-wide association study of prostate-specific antigen levels in 392,522 men identifies new loci and improves cross-ancestry prediction.",medRxiv : the preprint server for health sciences,2;5;6,,Journal Article;Preprint
37949200,2024,Association between systemic lupus erythematosus and myasthenia gravis: A population-based National Study.,"Clinical immunology (Orlando, Fla.)",9,,"Journal Article;Research Support, Non-U.S. Gov't;Research Support, N.I.H., Extramural"
37938835,2024,Correlates of Risk for Disinhibited Behaviors in the Million Veteran Program Cohort.,JAMA psychiatry,2;4,,"Journal Article;Research Support, N.I.H., Extramural;Research Support, Non-U.S. Gov't"
37886514,2023,The neuronal chromatin landscape in adult schizophrenia brains is linked to early fetal development.,Research square,2;4,,Journal Article;Preprint
37875548,2024,Genome-wide association study of traumatic brain injury in U.S. military veterans enrolled in the VA million veteran program.,Molecular psychiatry,2;3;11;14,,"Journal Article;Research Support, U.S. Gov't, Non-P.H.S.;Research Support, N.I.H., Extramural"
37873320,2023,The neuronal chromatin landscape in adult schizophrenia brains is linked to early fetal development.,medRxiv : the preprint server for health sciences,2;4,,Journal Article;Preprint
37856045,2024,Evaluation of clinical outcomes and employment status in veterans with dual diagnosis of traumatic brain injury and spinal cord injury.,"Quality of life research : an international journal of quality of life aspects of treatment, care and rehabilitation",4;14,,Journal Article
37840448,2024,Associations of non-alcoholic fatty liver disease and cirrhosis with liver cancer in European and East Asian populations: A Mendelian randomization study.,"Cancer reports (Hoboken, N.J.)",1;2;5;10,,Journal Article
37808641,2023,Correction for Collider Bias in the Genome-wide Association Study of Diabetes-Related Heart Failure due to Bidirectional Relationship between Heart Failure and Type 2 Diabetes.,medRxiv : the preprint server for health sciences,1;2,,Preprint;Journal Article
37798822,2023,Genetic Inhibition of APOL1 Pore-Forming Function Prevents APOL1-Mediated Kidney Disease.,Journal of the American Society of Nephrology : JASN,1;2,,"Journal Article;Meta-Analysis;Research Support, N.I.H., Extramural;Research Support, Non-U.S. Gov't;Research Support, U.S. Gov't, Non-P.H.S."
37769328,2023,Deep sequential neural network models improve stratification of suicide attempt risk among US veterans.,Journal of the American Medical Informatics Association : JAMIA,3;4,,"Journal Article;Research Support, U.S. Gov't, Non-P.H.S."
37745546,2023,Brain-Wide Mendelian Randomization Study of Anxiety Disorders and Symptoms.,medRxiv : the preprint server for health sciences,2;4;10,,Preprint;Journal Article
37735503,2023,Loneliness and depression: bidirectional mendelian randomization analyses using data from three large genome-wide association studies.,Molecular psychiatry,2;4;8;10,,"Meta-Analysis;Journal Article;Research Support, N.I.H., Extramural;Research Support, Non-U.S. Gov't"
37710416,2024,Measurement Invariance of the Neurobehavioral Symptom Inventory in Male and Female Million Veteran Program Enrollees Completing the Comprehensive Traumatic Brain Injury Evaluation.,Assessment,14,,"Journal Article;Research Support, U.S. Gov't, Non-P.H.S."
37644460,2023,Meta-analysis of African ancestry genome-wide association studies identified novel locus and validates multiple loci associated with kidney function.,BMC genomics,1;2,,Meta-Analysis;Journal Article
37642191,2023,"Positive personality traits moderate persistent high alcohol consumption, determined by polygenic risk in U.S. military veterans: results from a 10-year, population-based, observational cohort study.",Psychological medicine,2;4,,"Observational Study;Journal Article;Research Support, Non-U.S. Gov't;Research Support, U.S. Gov't, Non-P.H.S."
37609230,2023,A Multi-Ancestry Polygenic Risk Score for Coronary Heart Disease Based on an Ancestrally Diverse Genome-Wide Association Study and Population-Specific Optimization.,medRxiv : the preprint server for health sciences,1;2;6,,Preprint;Journal Article
37599888,2023,Using iterative random forest to find geospatial environmental and Sociodemographic predictors of suicide attempts.,Frontiers in psychiatry,3;4,,Journal Article
37591043,2023,The relationship between alcohol- and sleep-related traits: Results from polygenic risk score and Mendelian randomization analyses.,Drug and alcohol dependence,2;10;13,,"Journal Article;Research Support, N.I.H., Extramural;Research Support, U.S. Gov't, Non-P.H.S."
37562936,2023,Bioinformatic platforms for clinical stratification of natural history of atherosclerotic cardiovascular diseases.,European heart journal. Cardiovascular pharmacotherapy,1;2;14,,Journal Article
37550530,2023,Genome-wide analysis of a model-derived binge eating disorder phenotype identifies risk loci and implicates iron metabolism.,Nature genetics,2;11,,"Journal Article;Research Support, N.I.H., Extramural;Research Support, Non-U.S. Gov't;Research Support, U.S. Gov't, Non-P.H.S."
37513548,2023,The Association between Circulating Lipids and Female Infertility Risk: A Univariable and Multivariable Mendelian Randomization Analysis.,Nutrients,1;2;10;15,,Meta-Analysis;Journal Article
37503035,2023,Unraveling COVID-19 Relationship with Anxiety Disorders and Symptoms.,medRxiv : the preprint server for health sciences,2;4;8,,Preprint;Journal Article
37502926,2023,"Prevalence, Morbidity, and Mortality of 1,609 Men with Sex Chromosome Aneuploidy: Results from the Diverse Million Veteran Program Cohort.",medRxiv : the preprint server for health sciences,2,,Preprint;Journal Article
37479185,2023,Association of dietary fatty acids with the risk of atherosclerotic cardiovascular disease in a prospective cohort of United States veterans.,The American journal of clinical nutrition,1,,"Journal Article;Research Support, U.S. Gov't, Non-P.H.S."
37425708,2023,"Diversity and Scale: Genetic Architecture of 2,068 Traits in the VA Million Veteran Program.",medRxiv : the preprint server for health sciences,2,,Preprint;Journal Article
37417779,2023,Mendelian randomization study of diabetes and dementia in the Million Veteran Program.,Alzheimer's & dementia : the journal of the Alzheimer's Association,1;2;6;10;11,,"Journal Article;Research Support, N.I.H., Extramural;Research Support, Non-U.S. Gov't;Research Support, U.S. Gov't, Non-P.H.S."
37398205,2023,Agent Orange exposure and prostate cancer risk in the Million Veteran Program.,medRxiv : the preprint server for health sciences,2;5,,Preprint;Journal Article
37398003,2023,Whole genome analysis of plasma fibrinogen reveals population-differentiated genetic regulators with putative liver roles.,medRxiv : the preprint server for health sciences,2,,Preprint;Journal Article
37358378,2024,Exploring Interactions Between Traumatic Brain Injury History and Gender on Medical Comorbidities in Military Veterans: An Epidemiological Analysis in the VA Million Veteran Program.,Journal of neurotrauma,4;14,,"Journal Article;Research Support, U.S. Gov't, Non-P.H.S.;Research Support, Non-U.S. Gov't"
37353210,2023,Dietary ω-3 fatty acids and the incidence of atrial fibrillation in the Million Veteran Program.,The American journal of clinical nutrition,1,,"Journal Article;Research Support, N.I.H., Extramural;Research Support, Non-U.S. Gov't;Research Support, U.S. Gov't, Non-P.H.S."
37339630,2023,Autoimmune alleles at the major histocompatibility locus modify melanoma susceptibility.,American journal of human genetics,2;5;9;12,,"Journal Article;Research Support, N.I.H., Extramural;Research Support, Non-U.S. Gov't;Research Support, U.S. Gov't, Non-P.H.S."
37323297,2023,Circulating proteins and peripheral artery disease risk: observational and Mendelian randomization analyses.,European heart journal open,2;10,,Journal Article
37311464,2023,Evaluating approaches for constructing polygenic risk scores for prostate cancer in men of African and European ancestry.,American journal of human genetics,2;5,,"Journal Article;Research Support, N.I.H., Extramural;Research Support, Non-U.S. Gov't"
37308786,2023,Genome-wide association study of thoracic aortic aneurysm and dissection in the Million Veteran Program.,Nature genetics,1;2,,"Journal Article;Research Support, U.S. Gov't, Non-P.H.S.;Research Support, N.I.H., Extramural;Research Support, Non-U.S. Gov't"
37292833,2023,Evaluating Approaches for Constructing Polygenic Risk Scores for Prostate Cancer in Men of African and European Ancestry.,medRxiv : the preprint server for health sciences,2;5,,Preprint;Journal Article
37284538,2023,Predicting Breast Cancer Risk for Women Veterans of African Ancestry in the Million Veteran Program.,Health equity,2;3;5;6,,Journal Article
37284530,2023,Overview of Efforts to Increase Women Enrollment in the Veterans Affairs Million Veteran Program.,Health equity,17,,Journal Article
37282553,2023,Genetic Underpinnings of the Transition From Alcohol Consumption to Alcohol Use Disorder: Shared and Unique Genetic Architectures in a Cross-Ancestry Sample.,The American journal of psychiatry,2;4,,"Journal Article;Research Support, Non-U.S. Gov't"
37268996,2023,Modeling the longitudinal changes of ancestry diversity in the Million Veteran Program.,Human genomics,2,,"Journal Article;Research Support, Non-U.S. Gov't;Research Support, U.S. Gov't, Non-P.H.S.;Research Support, N.I.H., Extramural"
37261792,2023,Genome-Wide Association Study of CKD Progression.,Journal of the American Society of Nephrology : JASN,1;2;6,,"Meta-Analysis;Journal Article;Research Support, U.S. Gov't, Non-P.H.S.;Research Support, Non-U.S. Gov't;Research Support, N.I.H., Extramural"
37252880,2023,"Genome-wide analyses reveal novel opioid use disorder loci and genetic overlap with schizophrenia, bipolar disorder, and major depression.",Addiction biology,2;4,,"Journal Article;Research Support, N.I.H., Extramural;Research Support, Non-U.S. Gov't"
37205546,2023,"Multi-ancestry GWAS of Fuchs corneal dystrophy highlights roles of laminins, collagen, and endothelial cell regulation.",Research square,2;6,,Preprint;Journal Article
37178685,2023,Declining autozygosity over time: An exploration in over 1 million individuals from three diverse cohorts.,American journal of human genetics,,,"Meta-Analysis;Journal Article;Research Support, U.S. Gov't, Non-P.H.S.;Research Support, N.I.H., Extramural;Research Support, Non-U.S. Gov't"
37171501,2023,Genetically proxied glucose-lowering drug target perturbation and risk of cancer: a Mendelian randomisation analysis.,Diabetologia,1;2;5;10,,"Journal Article;Research Support, U.S. Gov't, Non-P.H.S.;Research Support, N.I.H., Extramural;Research Support, Non-U.S. Gov't"
37170406,2023,"Association Between Fuchs Endothelial Corneal Dystrophy, Diabetes Mellitus, and Multimorbidity.",Cornea,1;2,,Journal Article
37165447,2023,Sex differences in the polygenic architecture of hearing problems in adults.,Genome medicine,2;4,,"Journal Article;Research Support, N.I.H., Extramural;Research Support, Non-U.S. Gov't"
37147289,2023,Multi-trait genome-wide association analyses leveraging alcohol use disorder findings identify novel loci for smoking behaviors in the Million Veteran Program.,Translational psychiatry,2;4,,"Journal Article;Research Support, N.I.H., Extramural;Research Support, U.S. Gov't, Non-P.H.S."
37133828,2023,Cardiovascular Disease Risk Assessment Using Traditional Risk Factors and Polygenic Risk Scores in the Million Veteran Program.,JAMA cardiology,1;2;6;14,,"Journal Article;Research Support, U.S. Gov't, Non-P.H.S."
37132202,2023,Racial and Ethnic Bias in the Diagnosis of Alcohol Use Disorder in Veterans.,The American journal of psychiatry,3;4;6,,"Journal Article;Research Support, U.S. Gov't, Non-P.H.S.;Research Support, N.I.H., Extramural;Research Support, N.I.H., Intramural"
37034805,2023,Correlates of Risk for Disinhibited Behaviors in the Million Veteran Program Cohort.,medRxiv : the preprint server for health sciences,2;4,,Preprint;Journal Article
37001235,2023,The causal effects of lipid traits on kidney function in Africans: bidirectional and multivariable Mendelian-randomization study.,EBioMedicine,1;2;10,,Journal Article
36993749,2023,"The genetic architecture of pain intensity in a sample of 598,339 U.S. veterans.",medRxiv : the preprint server for health sciences,2;4,,Preprint;Journal Article
36989840,2023,Genome-wide association study of obstructive sleep apnoea in the Million Veteran Program uncovers genetic heterogeneity by sex.,EBioMedicine,2,,Meta-Analysis;Journal Article
36945581,2023,Mendelian randomization study of diabetes and dementia in the Million Veteran Program.,medRxiv : the preprint server for health sciences,1;2;6;10;11,,Preprint;Journal Article
36940203,2023,Genome-wide association study identifies four pan-ancestry loci for suicidal ideation in the Million Veteran Program.,PLoS genetics,2;4,,"Meta-Analysis;Journal Article;Research Support, U.S. Gov't, Non-P.H.S.;Research Support, Non-U.S. Gov't;Research Support, N.I.H., Extramural"
36936389,2023,"Sleep duration, daytime napping, and risk of peripheral artery disease: multinational cohort and Mendelian randomization studies.",European heart journal open,1;2;7;10,,Journal Article
36827430,2023,Pharmacogenetic allele variant frequencies: An analysis of the VA's Million Veteran Program (MVP) as a representation of the diversity in US population.,PloS one,2;6;16,,"Journal Article;Research Support, U.S. Gov't, Non-P.H.S."
36809323,2023,Association of African Ancestry-Specific APOE Missense Variant R145C With Risk of Alzheimer Disease.,JAMA,2;11,,"Journal Article;Research Support, N.I.H., Extramural;Research Support, Non-U.S. Gov't"
36802703,2023,Multiancestry Genome-Wide Association Study of Aortic Stenosis Identifies Multiple Novel Loci in the Million Veteran Program.,Circulation,1;2,,"Journal Article;Research Support, N.I.H., Extramural;Research Support, Non-U.S. Gov't;Research Support, U.S. Gov't, Non-P.H.S."
36768488,2023,"Meta-Analysis and Multivariate GWAS Analyses in 80,950 Individuals of African Ancestry Identify Novel Variants Associated with Blood Pressure Traits.",International journal of molecular sciences,1;2,,Meta-Analysis;Journal Article
36714216,2022,Characterizing Sex Differences in Clinical and Functional Outcomes Among Military Veterans with a Comprehensive Traumatic Brain Injury Evaluation (CTBIE): A Million Veteran Program (MVP) Study.,Clinical psychological science : a journal of the Association for Psychological Science,14,,Journal Article
36702773,2023,An Examination of Racial/Ethnic Differences on the Neurobehavioral Symptom Inventory Among Veterans Completing the Comprehensive Traumatic Brain Injury Evaluation: A Veterans Affairs Million Veteran Program Study.,Archives of clinical neuropsychology : the official journal of the National Academy of Neuropsychologists,6;14,,Observational Study;Journal Article
36652249,2023,"Epidemiologic and Genetic Associations of Endometriosis With Depression, Anxiety, and Eating Disorders.",JAMA network open,2;4;15,,"Journal Article;Research Support, Non-U.S. Gov't;Research Support, N.I.H., Extramural"
36612580,2022,Association of Gulf War Illness with Characteristics in Deployed vs. Non-Deployed Gulf War Era Veterans in the Cooperative Studies Program 2006/Million Veteran Program 029 Cohort: A Cross-Sectional Analysis.,International journal of environmental research and public health,,,"Journal Article;Research Support, U.S. Gov't, P.H.S."
36597157,2023,"Self-reported physical functioning, cardiometabolic health conditions, and health care utilization patterns in Million Veteran Program enrollees with Traumatic Brain Injury Screening and Evaluation Program data.",Military Medical Research,1;14,,"Observational Study;Journal Article;Research Support, U.S. Gov't, Non-P.H.S.;Research Support, Non-U.S. Gov't"
39196206,2023,Genetics of varicose veins reveals polygenic architecture and genetic overlap with arterial and venous disease.,Nature cardiovascular research,2,,Journal Article
36581621,2022,Genomics and phenomics of body mass index reveals a complex disease network.,Nature communications,1;2;12;13,,"Journal Article;Research Support, N.I.H., Extramural;Research Support, U.S. Gov't, Non-P.H.S."
36546606,2023,Alzheimer's disease and related dementias among aging veterans: Examining gene-by-environment interactions with post-traumatic stress disorder and traumatic brain injury.,Alzheimer's & dementia : the journal of the Alzheimer's Association,4;11;14,,"Journal Article;Research Support, N.I.H., Extramural;Research Support, U.S. Gov't, Non-P.H.S."
36543923,2023,African ancestry GWAS of dementia in a large military cohort identifies significant risk loci.,Molecular psychiatry,2;6;11,,"Meta-Analysis;Journal Article;Research Support, N.I.H., Extramural;Research Support, U.S. Gov't, Non-P.H.S."
36540997,2023,Predictive models for abdominal aortic aneurysms using polygenic scores and PheWAS-derived risk factors.,Pacific Symposium on Biocomputing. Pacific Symposium on Biocomputing,1;2;3;6,,"Journal Article;Research Support, N.I.H., Extramural"
36540996,2023,Diversity is key for cross-ancestry transferability of glaucoma genetic risk scores in Hispanic Veterans in the Million Veteran Program.,Pacific Symposium on Biocomputing. Pacific Symposium on Biocomputing,2;6;18,,"Journal Article;Research Support, N.I.H., Extramural;Research Support, U.S. Gov't, Non-P.H.S."
36516638,2023,"Factor structure of the posttraumatic stress disorder checklist (PCL-17) in 279,897 million veteran program participants.",Psychiatry research,4,,"Journal Article;Research Support, N.I.H., Extramural;Research Support, Non-U.S. Gov't;Research Support, U.S. Gov't, Non-P.H.S."
36515925,2023,"Identification of Novel, Replicable Genetic Risk Loci for Suicidal Thoughts and Behaviors Among US Military Veterans.",JAMA psychiatry,2;4,,"Meta-Analysis;Journal Article;Research Support, Non-U.S. Gov't;Research Support, U.S. Gov't, Non-P.H.S."
36494783,2022,PRState: Incorporating genetic ancestry in prostate cancer risk scores for men of African ancestry.,BMC cancer,2;5,,Journal Article
36480927,2023,LDAK-GBAT: Fast and powerful gene-based association testing using summary statistics.,American journal of human genetics,2,,"Journal Article;Research Support, Non-U.S. Gov't"
36411363,2022,Novel genetic loci associated with osteoarthritis in multi-ancestry analyses in the Million Veteran Program and UK Biobank.,Nature genetics,2,,"Journal Article;Research Support, U.S. Gov't, Non-P.H.S."
36378845,2023,Immunogenetic Determinants of Susceptibility to Head and Neck Cancer in the Million Veteran Program Cohort.,Cancer research,2;5;8;12,,"Journal Article;Research Support, N.I.H., Extramural;Research Support, Non-U.S. Gov't;Research Support, U.S. Gov't, Non-P.H.S."
36314129,2022,Mild-to-Moderate Kidney Dysfunction and Cardiovascular Disease: Observational and Mendelian Randomization Analyses.,Circulation,1;2;10;14,,"Observational Study;Journal Article;Research Support, U.S. Gov't, Non-P.H.S.;Research Support, Non-U.S. Gov't;Research Support, N.I.H., Extramural"
36305680,2023,"Polygenic risk of any, metastatic, and fatal prostate cancer in the Million Veteran Program.",Journal of the National Cancer Institute,2;5;6,,"Journal Article;Research Support, N.I.H., Extramural;Research Support, Non-U.S. Gov't;Research Support, U.S. Gov't, Non-P.H.S."
36301540,2022,Genome-Wide Investigation of Maximum Habitual Alcohol Intake in US Veterans in Relation to Alcohol Consumption Traits and Alcohol Use Disorder.,JAMA network open,2;4,,Journal Article
36207451,2022,Multi-trait genome-wide association study of opioid addiction: OPRM1 and beyond.,Scientific reports,2;4,,"Journal Article;Research Support, Non-U.S. Gov't;Research Support, N.I.H., Extramural"
36171425,2022,Cross-ancestry meta-analysis of opioid use disorder uncovers novel loci with predominant effects in brain regions associated with addiction.,Nature neuroscience,2;4,,"Journal Article;Meta-Analysis;Research Support, U.S. Gov't, Non-P.H.S.;Research Support, N.I.H., Extramural"
36162363,2022,Psychiatric symptoms influence social support in VA Million Veteran Program enrollees screening positive for traumatic brain injury.,Social science & medicine (1982),4;14,,"Journal Article;Research Support, U.S. Gov't, Non-P.H.S."
36103194,2022,"Penetrance and Pleiotropy of Polygenic Risk Scores for Schizophrenia, Bipolar Disorder, and Depression Among Adults in the US Veterans Affairs Health Care System.",JAMA psychiatry,2;4;10,,Journal Article
36050444,2022,Visualizing novel connections and genetic similarities across diseases using a network-medicine based approach.,Scientific reports,2,,"Journal Article;Research Support, U.S. Gov't, Non-P.H.S."
36041056,2022,A Diabetes Genetic Risk Score Is Associated With All-Cause Dementia and Clinically Diagnosed Vascular Dementia in the Million Veteran Program.,Diabetes care,1;2;11,,"Journal Article;Research Support, Non-U.S. Gov't;Research Support, N.I.H., Extramural;Research Support, U.S. Gov't, Non-P.H.S."
35986173,2022,Understanding the comorbidity between posttraumatic stress severity and coronary artery disease using genome-wide information and electronic health records.,Molecular psychiatry,1;2;4,,"Meta-Analysis;Journal Article;Research Support, U.S. Gov't, Non-P.H.S."
35985109,2022,Evaluation of independent self-collected blood specimens for COVID-19 antibody detection among the US veteran population.,Diagnostic microbiology and infectious disease,8,,Journal Article;Randomized Controlled Trial
35967117,2022,Phenome-Wide Association Study of UMOD Gene Variants and Differential Associations With Clinical Outcomes Across Populations in the Million Veteran Program a Multiethnic Biobank.,Kidney international reports,1;2;6,,Journal Article
35929454,2022,Causal Association of Cardiovascular Risk Factors and Lifestyle Behaviors With Peripheral Artery Disease: A Mendelian Randomization Approach.,Journal of the American Heart Association,1;2;7;10;13,,"Journal Article;Research Support, Non-U.S. Gov't;Research Support, U.S. Gov't, Non-P.H.S."
35915156,2022,Large-scale genome-wide association study of coronary artery disease in genetically diverse populations.,Nature medicine,1;2,,"Journal Article;Research Support, Non-U.S. Gov't;Research Support, N.I.H., Intramural;Research Support, U.S. Gov't, Non-P.H.S.;Research Support, N.I.H., Extramural"
35879402,2022,Genome-wide association study in individuals of European and African ancestry and multi-trait analysis of opioid use disorder identifies 19 independent genome-wide significant risk loci.,Molecular psychiatry,2;4,,"Meta-Analysis;Journal Article;Research Support, U.S. Gov't, Non-P.H.S.;Research Support, Non-U.S. Gov't;Research Support, N.I.H., Extramural"
35871921,2022,Egg consumption and risk of acute stroke in the Million Veteran Program.,Clinical nutrition ESPEN,1;14,14.2-stroke-cerebro,"Journal Article;Research Support, Non-U.S. Gov't;Research Support, N.I.H., Extramural"
35801699,2022,Validation of a multi-ancestry polygenic risk score and age-specific risks of prostate cancer: A meta-analysis within diverse populations.,eLife,2;5,,"Journal Article;Meta-Analysis;Research Support, Non-U.S. Gov't;Research Support, N.I.H., Extramural"
35794577,2022,Identifying intragenic functional modules of genomic variations associated with cancer phenotypes by learning representation of association networks.,BMC medical genomics,2;5,,"Journal Article;Research Support, U.S. Gov't, Non-P.H.S."
35790736,2022,Gene-based polygenic risk scores analysis of alcohol use disorder in African Americans.,Translational psychiatry,2;4,,"Journal Article;Research Support, Non-U.S. Gov't;Research Support, N.I.H., Extramural"
35771531,2022,"A MUC5B Gene Polymorphism, rs35705950-T, Confers Protective Effects Against COVID-19 Hospitalization but Not Severe Disease or Mortality.",American journal of respiratory and critical care medicine,8;9;13,,"Meta-Analysis;Journal Article;Research Support, U.S. Gov't, Non-P.H.S.;Research Support, N.I.H., Extramural"
35759254,2022,Association of Kidney Comorbidities and Acute Kidney Failure With Unfavorable Outcomes After COVID-19 in Individuals With the Sickle Cell Trait.,JAMA internal medicine,1;2;8;10;14,,"Journal Article;Research Support, N.I.H., Extramural;Research Support, U.S. Gov't, Non-P.H.S."
35748351,2023,Data Resource Profile: Self-reported data in the Million Veteran Program: survey development and insights from the first 850 736 participants.,International journal of epidemiology,,,"Journal Article;Research Support, U.S. Gov't, Non-P.H.S."
35718050,2022,Glaucoma Genetic Risk Scores in the Million Veteran Program.,Ophthalmology,2;18,,"Meta-Analysis;Journal Article;Research Support, N.I.H., Extramural;Research Support, U.S. Gov't, Non-P.H.S.;Research Support, Non-U.S. Gov't"
35716666,2022,Genetic interactions drive heterogeneity in causal variant effect sizes for gene expression and complex traits.,American journal of human genetics,1;2,,"Journal Article;Research Support, Non-U.S. Gov't;Research Support, N.I.H., Extramural"
35684976,2022,Pharmacogenetic variants and risk of remdesivir-associated liver enzyme elevations in Million Veteran Program participants hospitalized with COVID-19.,Clinical and translational science,8;16,,"Journal Article;Research Support, Non-U.S. Gov't;Research Support, U.S. Gov't, Non-P.H.S.;Research Support, N.I.H., Extramural"
35654975,2022,A multiancestry genome-wide association study of unexplained chronic ALT elevation as a proxy for nonalcoholic fatty liver disease with histological and radiological validation.,Nature genetics,1;2,,"Journal Article;Research Support, Non-U.S. Gov't;Research Support, N.I.H., Extramural;Research Support, U.S. Gov't, Non-P.H.S."
35654908,2022,Transferability of genetic risk scores in African populations.,Nature medicine,1;2,,"Journal Article;Research Support, U.S. Gov't, Non-P.H.S.;Research Support, N.I.H., Extramural;Research Support, Non-U.S. Gov't"
35653334,2022,A multi-population phenome-wide association study of genetically-predicted height in the Million Veteran Program.,PLoS genetics,1;2;14,,"Journal Article;Meta-Analysis;Research Support, Non-U.S. Gov't;Research Support, N.I.H., Extramural;Research Support, U.S. Gov't, Non-P.H.S."
35652341,2022,"Insights From a Large-Scale Whole-Genome Sequencing Study of Systolic Blood Pressure, Diastolic Blood Pressure, and Hypertension.","Hypertension (Dallas, Tex. : 1979)",1;2;14,,"Journal Article;Meta-Analysis;Research Support, N.I.H., Extramural"
35613103,2022,Genome-wide and phenome-wide analysis of ideal cardiovascular health in the VA Million Veteran Program.,PloS one,1;2,,"Journal Article;Meta-Analysis;Research Support, U.S. Gov't, Non-P.H.S."
35612496,2022,"The Interrelationship of Tinnitus and Hearing Loss Secondary to Age, Noise Exposure, and Traumatic Brain Injury.",Ear and hearing,3;14;18,,Journal Article
35588732,2022,Integration of rare expression outlier-associated variants improves polygenic risk prediction.,American journal of human genetics,1;2;3,,"Journal Article;Research Support, N.I.H., Extramural;Research Support, Non-U.S. Gov't;Research Support, U.S. Gov't, Non-P.H.S."
35483132,2022,Subjective cognitive and psychiatric well-being in U.S. Military Veterans screened for deployment-related traumatic brain injury: A Million Veteran Program Study.,Journal of psychiatric research,4;14,,"Journal Article;Research Support, U.S. Gov't, Non-P.H.S."
35482673,2022,A Phenome-Wide Association Study of genes associated with COVID-19 severity reveals shared genetics with complex diseases in the Million Veteran Program.,PLoS genetics,2;3;8;9;12,,"Journal Article;Research Support, U.S. Gov't, Non-P.H.S.;Research Support, N.I.H., Extramural;Research Support, Non-U.S. Gov't"
35468170,2022,Million Veteran Program's response to COVID-19: Survey development and preliminary findings.,PloS one,4;8,,"Journal Article;Research Support, U.S. Gov't, Non-P.H.S."
35449297,2022,Integrating human brain proteomes with genome-wide association data implicates novel proteins in post-traumatic stress disorder.,Molecular psychiatry,2;4,,"Journal Article;Research Support, Non-U.S. Gov't;Research Support, N.I.H., Extramural;Research Support, U.S. Gov't, Non-P.H.S."
35325778,2022,Lipid traits and type 2 diabetes risk in African ancestry individuals: A Mendelian Randomization study.,EBioMedicine,1;2;10,,Journal Article
35307047,2023,Degree of adherence to plant-based diet and total and cause-specific mortality: prospective cohort study in the Million Veteran Program.,Public health nutrition,,,Journal Article
35287516,2022,Development of a polygenic risk score to improve detection of peripheral artery disease.,"Vascular medicine (London, England)",1;2;14,,"Journal Article;Research Support, N.I.H., Extramural;Research Support, Non-U.S. Gov't"
35268096,2022,Dietary Sodium and Potassium Intake and Risk of Non-Fatal Cardiovascular Diseases: The Million Veteran Program.,Nutrients,1;14,,Journal Article
35267208,2022,Evaluating risk for alcohol use disorder: Polygenic risk scores and family history.,"Alcoholism, clinical and experimental research",2;4,,"Journal Article;Meta-Analysis;Research Support, N.I.H., Extramural"
35241783,2022,Genetically regulated multi-omics study for symptom clusters of posttraumatic stress disorder highlights pleiotropy with hematologic and cardio-metabolic traits.,Molecular psychiatry,1;2;4,,"Journal Article;Research Support, Non-U.S. Gov't;Research Support, N.I.H., Extramural"
35222515,2021,"Genetic Loci Associated With COVID-19 Positivity and Hospitalization in White, Black, and Hispanic Veterans of the VA Million Veteran Program.",Frontiers in genetics,2;6;8,,Journal Article
35143253,2022,Coronary Artery Disease Risk of Familial Hypercholesterolemia Genetic Variants Independent of Clinically Observed Longitudinal Cholesterol Exposure.,Circulation. Genomic and precision medicine,1;10,,"Journal Article;Research Support, U.S. Gov't, Non-P.H.S."
35138379,2022,Transcriptome-wide association study in UK Biobank Europeans identifies associations with blood cell traits.,Human molecular genetics,2,,"Journal Article;Research Support, N.I.H., Extramural;Research Support, U.S. Gov't, Non-P.H.S."
35098260,2021,"Leisure time physical activity, sedentary behavior, and risk of cardiovascular disease and mortality among US Veterans.",Journal of novel physiotherapy and physical rehabilitation,1;7,,Journal Article
35094024,2022,Genome-wide meta-analysis of alcohol use disorder in East Asians.,Neuropsychopharmacology : official publication of the American College of Neuropsychopharmacology,2;3;4,,"Journal Article;Meta-Analysis;Research Support, N.I.H., Extramural;Research Support, Non-U.S. Gov't;Research Support, U.S. Gov't, Non-P.H.S."
35089317,2022,"APOL1 Risk Variants, Acute Kidney Injury, and Death in Participants With African Ancestry Hospitalized With COVID-19 From the Million Veteran Program.",JAMA internal medicine,1;2;8,,Journal Article
34989438,2022,Genome-wide pleiotropy analysis identifies novel blood pressure variants and improves its polygenic risk scores.,Genetic epidemiology,1;2,,"Journal Article;Meta-Analysis;Research Support, N.I.H., Extramural;Research Support, Non-U.S. Gov't"
34955171,2022,"Attachment Style Moderates Polygenic Risk for Incident Posttraumatic Stress in U.S. Military Veterans: A 7-Year, Nationally Representative, Prospective Cohort Study.",Biological psychiatry,2;4,,"Journal Article;Research Support, N.I.H., Extramural;Research Support, U.S. Gov't, Non-P.H.S."
34942434,2022,Characterization of Million Veteran Program (MVP) enrollees with Comprehensive Traumatic Brain Injury Evaluation (CTBIE) data: An analysis of neurobehavioral symptoms.,Journal of psychiatric research,4;14,,Journal Article
34865855,2022,Enhancing Discovery of Genetic Variants for Posttraumatic Stress Disorder Through Integration of Quantitative Phenotypes and Trauma Exposure Information.,Biological psychiatry,2;4,,"Journal Article;Meta-Analysis;Research Support, U.S. Gov't, Non-P.H.S.;Research Support, N.I.H., Extramural;Research Support, Non-U.S. Gov't"
34861974,2022,"Dissecting the Shared Genetic Architecture of Suicide Attempt, Psychiatric Disorders, and Known Risk Factors.",Biological psychiatry,2;4;13,,"Journal Article;Research Support, N.I.H., Extramural;Research Support, Non-U.S. Gov't"
34853358,2021,Trellis for efficient data and task management in the VA Million Veteran Program.,Scientific reports,,,"Journal Article;Research Support, U.S. Gov't, Non-P.H.S."
34822319,2022,Development and Evaluation of a Rules-based Algorithm for Primary Open-Angle Glaucoma in the VA Million Veteran Program.,Ophthalmic epidemiology,3;18,,"Journal Article;Research Support, U.S. Gov't, Non-P.H.S.;Research Support, Non-U.S. Gov't;Research Support, N.I.H., Extramural"
34670548,2021,A statistical quality assessment method for longitudinal observations in electronic health record data with an application to the VA million veteran program.,BMC medical informatics and decision making,3,,"Journal Article;Research Support, U.S. Gov't, Non-P.H.S."
34668925,2021,Use of the PsycheMERGE Network to Investigate the Association Between Depression Polygenic Scores and White Blood Cell Count.,JAMA psychiatry,2;4,,"Journal Article;Multicenter Study;Research Support, N.I.H., Extramural;Research Support, Non-U.S. Gov't;Research Support, U.S. Gov't, Non-P.H.S."
34642702,2021,A Phenome-Wide Association Study of genes associated with COVID-19 severity reveals shared genetics with complex diseases in the Million Veteran Program.,medRxiv : the preprint server for health sciences,2;3;8;9;12,,Preprint;Journal Article
34611967,2022,Genetic liability for substance use associated with medical comorbidities in electronic health records of African- and European-ancestry individuals.,Addiction biology,2;4,,"Journal Article;Research Support, N.I.H., Extramural;Research Support, U.S. Gov't, Non-P.H.S."
34611531,2021,"Disentangling sex differences in the shared genetic architecture of posttraumatic stress disorder, traumatic experiences, and social support with body size and composition.",Neurobiology of stress,2;4,,Journal Article
34578913,2021,Association of Nut Consumption with Risk of Stroke and Cardiovascular Disease: The Million Veteran Program.,Nutrients,1;14,14.2-stroke-cerebro,Journal Article
34488071,2021,Analysis of genetic and clinical factors associated with buprenorphine response.,Drug and alcohol dependence,2;4;8,,"Journal Article;Meta-Analysis;Research Support, N.I.H., Extramural;Research Support, U.S. Gov't, Non-P.H.S."
34483344,2021,Chocolate consumption and risk of coronary artery disease: the Million Veteran Program.,The American journal of clinical nutrition,1,,"Journal Article;Research Support, U.S. Gov't, Non-P.H.S."
34472679,2022,"Genome-wide analysis reveals genetic overlap between alcohol use behaviours, schizophrenia and bipolar disorder and identifies novel shared risk loci.","Addiction (Abingdon, England)",2;4,,"Journal Article;Research Support, N.I.H., Extramural;Research Support, Non-U.S. Gov't"
34381935,2021,Polygenic Breast Cancer Risk for Women Veterans in the Million Veteran Program.,JCO precision oncology,2;3;5,,"Journal Article;Research Support, U.S. Gov't, Non-P.H.S.;Validation Study"
34282949,2021,Associations of Genetically Predicted Lp(a) (Lipoprotein [a]) Levels With Cardiovascular Traits in Individuals of European and African Ancestry.,Circulation. Genomic and precision medicine,1;2;14,,"Journal Article;Research Support, N.I.H., Extramural;Research Support, Non-U.S. Gov't;Research Support, U.S. Gov't, Non-P.H.S."
34242657,2021,Research tool for classifying Gulf War illness using survey responses: Lessons for writing replicable algorithms for symptom-based conditions.,Life sciences,,,Journal Article
34222732,2021,Cooperative Studies Program (CSP) #572: A Study of Serious Mental Illness in Veterans as a Pathway to personalized medicine in Schizophrenia and Bipolar Illness.,Personalized medicine in psychiatry,2;4,,Journal Article
34202057,2021,Genomics of Gulf War Illness in U.S. Veterans Who Served during the 1990-1991 Persian Gulf War: Methods and Rationale for Veterans Affairs Cooperative Study #2006.,Brain sciences,2;3,,Journal Article
34148359,2021,Association of Apparent Treatment-Resistant Hypertension With Differential Risk of End-Stage Kidney Disease Across Racial Groups in the Million Veteran Program.,"Hypertension (Dallas, Tex. : 1979)",1,,"Journal Article;Research Support, Non-U.S. Gov't;Research Support, U.S. Gov't, Non-P.H.S."
34120358,2021,Potential causal effect of posttraumatic stress disorder on alcohol use disorder and alcohol consumption in individuals of European descent: A Mendelian Randomization Study.,"Alcoholism, clinical and experimental research",2;4;10,,"Journal Article;Research Support, N.I.H., Extramural;Research Support, Non-U.S. Gov't"
34085609,2022,Psychological trauma and the genetic overlap between posttraumatic stress disorder and major depressive disorder.,Psychological medicine,2;4,,Journal Article
34079032,2021,Association of the transthyretin variant V122I with polyneuropathy among individuals of African ancestry.,Scientific reports,1;2,,"Journal Article;Research Support, Non-U.S. Gov't;Research Support, U.S. Gov't, Non-P.H.S."
34078102,2021,Metabolic Traits and Stroke Risk in Individuals of African Ancestry: Mendelian Randomization Analysis.,Stroke,1;2;10;14,14.2-stroke-cerebro,"Journal Article;Research Support, N.I.H., Extramural;Research Support, Non-U.S. Gov't;Research Support, U.S. Gov't, Non-P.H.S."
34045744,2021,Bi-ancestral depression GWAS in the Million Veteran Program and meta-analysis in >1.2 million individuals highlight new therapeutic directions.,Nature neuroscience,2;4,,"Journal Article;Meta-Analysis;Research Support, Non-U.S. Gov't;Research Support, U.S. Gov't, Non-P.H.S."
34024555,2021,Dietary yogurt is distinct from other dairy foods in its association with circulating lipid profile: Findings from the Million Veteran Program.,Clinical nutrition ESPEN,1,,"Journal Article;Research Support, U.S. Gov't, Non-P.H.S."
33984066,2021,Phenome-wide association of 1809 phenotypes and COVID-19 disease progression in the Veterans Health Administration Million Veteran Program.,PloS one,1;2;3;8,,"Journal Article;Research Support, U.S. Gov't, Non-P.H.S."
33972514,2021,Genetic analysis in European ancestry individuals identifies 517 loci associated with liver enzymes.,Nature communications,1;2;14,,"Journal Article;Research Support, N.I.H., Extramural;Research Support, Non-U.S. Gov't;Research Support, U.S. Gov't, Non-P.H.S."
33921792,2021,The Structure of Relationships between the Human Exposome and Cardiometabolic Health: The Million Veteran Program.,Nutrients,1,,Journal Article
33837377,2021,Actionable druggable genome-wide Mendelian randomization identifies repurposing opportunities for COVID-19.,Nature medicine,2;8;10,,"Journal Article;Research Support, Non-U.S. Gov't;Research Support, U.S. Gov't, P.H.S."
33801200,2021,Racial and Ethnic Disparities in U.S. Veteran Health Characteristics.,International journal of environmental research and public health,4;6,,"Journal Article;Research Support, U.S. Gov't, Non-P.H.S."
33745578,2021,Consumption of potatoes and incidence rate of coronary artery disease: The Million Veteran Program.,Clinical nutrition ESPEN,1,,"Journal Article;Research Support, U.S. Gov't, Non-P.H.S."
33534346,2021,Associations of biogeographic ancestry with hypertension traits.,Journal of hypertension,1;2;6,,"Journal Article;Research Support, N.I.H., Extramural;Research Support, U.S. Gov't, Non-P.H.S."
33510476,2021,Genome-wide association analyses of post-traumatic stress disorder and its symptom subdomains in the Million Veteran Program.,Nature genetics,2;4,,"Journal Article;Research Support, U.S. Gov't, Non-P.H.S."
33464320,2021,Genetics of Smoking and Risk of Atherosclerotic Cardiovascular Diseases: A Mendelian Randomization Study.,JAMA network open,1;2;4;10;14,,"Journal Article;Research Support, N.I.H., Extramural;Research Support, Non-U.S. Gov't;Research Support, U.S. Gov't, Non-P.H.S."
33276944,2021,Attachment Style Moderates Polygenic Risk for Posttraumatic Stress in United States Military Veterans: Results From the National Health and Resilience in Veterans Study.,Biological psychiatry,2;4,,"Journal Article;Research Support, U.S. Gov't, Non-P.H.S."
33082346,2020,"Genome-wide association study of smoking trajectory and meta-analysis of smoking status in 842,000 individuals.",Nature communications,2;4,,"Journal Article;Meta-Analysis;Research Support, N.I.H., Extramural;Research Support, U.S. Gov't, Non-P.H.S."
32981348,2020,Genetic Architecture of Abdominal Aortic Aneurysm in the Million Veteran Program.,Circulation,1;2,,"Journal Article;Research Support, N.I.H., Extramural;Research Support, Non-U.S. Gov't;Research Support, U.S. Gov't, Non-P.H.S."
32970095,2020,Novel Risk Loci in Tinnitus and Causal Inference With Neuropsychiatric Disorders Among Adults of European Ancestry.,JAMA otolaryngology-- head & neck surgery,2;4;18,,"Journal Article;Multicenter Study;Research Support, N.I.H., Extramural;Research Support, U.S. Gov't, Non-P.H.S."
32915777,2020,The relationship between circulating lipids and breast cancer risk: A Mendelian randomization study.,PLoS medicine,1;2;5;10;11,,"Journal Article;Research Support, N.I.H., Extramural;Research Support, Non-U.S. Gov't;Research Support, U.S. Gov't, Non-P.H.S."
32887874,2020,Chromosome 1q21.2 and additional loci influence risk of spontaneous coronary artery dissection and myocardial infarction.,Nature communications,1;2,,"Journal Article;Research Support, N.I.H., Extramural;Research Support, Non-U.S. Gov't;Research Support, U.S. Gov't, Non-P.H.S."
32847391,2021,Mendelian Randomization Analysis of Hemostatic Factors and Their Contribution to Peripheral Artery Disease-Brief Report.,"Arteriosclerosis, thrombosis, and vascular biology",1;2;10,,"Journal Article;Research Support, N.I.H., Extramural;Research Support, Non-U.S. Gov't;Research Support, U.S. Gov't, Non-P.H.S."
32841307,2020,"Validating a non-invasive, ALT-based non-alcoholic fatty liver phenotype in the million veteran program.",PloS one,1;2,,"Journal Article;Research Support, N.I.H., Extramural;Research Support, Non-U.S. Gov't;Research Support, U.S. Gov't, Non-P.H.S."
32833022,2020,Genetic determinants of increased body mass index mediate the effect of smoking on increased risk for type 2 diabetes but not coronary artery disease.,Human molecular genetics,1;2;4,,"Journal Article;Research Support, Non-U.S. Gov't;Research Support, U.S. Gov't, Non-P.H.S."
32775763,2020,Increasing access to clinical research using an innovative mobile recruitment approach: The (MoRe) concept.,Contemporary clinical trials communications,17,,Journal Article
32676590,2020,Educational and Ethical Considerations for Genetic Test Implementation Within Health Care Systems.,Network and systems medicine,2;5,,Journal Article;Review
32541925,2020,Discovery of 318 new risk loci for type 2 diabetes and related vascular outcomes among 1.4 million participants in a multi-ancestry meta-analysis.,Nature genetics,1;2,,"Journal Article;Meta-Analysis;Research Support, N.I.H., Extramural;Research Support, Non-U.S. Gov't;Research Support, U.S. Gov't, Non-P.H.S."
32492095,2020,Association of OPRM1 Functional Coding Variant With Opioid Use Disorder: A Genome-Wide Association Study.,JAMA psychiatry,2;4,,"Journal Article;Research Support, N.I.H., Extramural"
32477652,2020,Standardized Architecture for a Mega-Biobank Phenomic Library: The Million Veteran Program (MVP).,AMIA Joint Summits on Translational Science proceedings. AMIA Joint Summits on Translational Science,17,,Journal Article
32300774,2020,Genetic predisposition to smoking in relation to 14 cardiovascular diseases.,European heart journal,1;2;4;14,,"Journal Article;Research Support, N.I.H., Extramural;Research Support, Non-U.S. Gov't"
32243820,2020,Genotyping Array Design and Data Quality Control in the Million Veteran Program.,American journal of human genetics,2;3,,"Journal Article;Research Support, U.S. Gov't, Non-P.H.S."
31906708,2020,"Reproducible Genetic Risk Loci for Anxiety: Results From ∼200,000 Participants in the Million Veteran Program.",The American journal of psychiatry,2;4,,"Journal Article;Research Support, Non-U.S. Gov't;Research Support, U.S. Gov't, Non-P.H.S."
31902601,2020,Egg consumption and risk of coronary artery disease in the Million Veteran Program.,"Clinical nutrition (Edinburgh, Scotland)",1,,"Journal Article;Research Support, U.S. Gov't, Non-P.H.S."
31872970,2020,Genome-wide association study of cognitive performance in U.S. veterans with schizophrenia or bipolar disorder.,"American journal of medical genetics. Part B, Neuropsychiatric genetics : the official publication of the International Society of Psychiatric Genetics",2;4,,"Journal Article;Multicenter Study;Research Support, N.I.H., Extramural;Research Support, U.S. Gov't, Non-P.H.S."
31676865,2019,Genome-wide association analysis of venous thromboembolism identifies new risk loci and genetic overlap with arterial vascular disease.,Nature genetics,1;2,,"Journal Article;Research Support, N.I.H., Extramural;Research Support, Non-U.S. Gov't;Research Support, U.S. Gov't, Non-P.H.S."
31594949,2019,International meta-analysis of PTSD genome-wide association studies identifies sex- and ancestry-specific genetic risk loci.,Nature communications,2;4;11,,"Journal Article;Meta-Analysis;Research Support, N.I.H., Extramural;Research Support, Non-U.S. Gov't"
31451708,2019,Mapping eGFR loci to the renal transcriptome and phenome in the VA Million Veteran Program.,Nature communications,1;2,,"Journal Article;Observational Study;Research Support, N.I.H., Extramural;Research Support, Non-U.S. Gov't;Research Support, U.S. Gov't, Non-P.H.S."
31358989,2019,"Genome-wide association study of post-traumatic stress disorder reexperiencing symptoms in >165,000 US veterans.",Nature neuroscience,2;4,,"Journal Article;Research Support, U.S. Gov't, Non-P.H.S."
31337231,2019,Association of APOL1 Risk Alleles With Cardiovascular Disease in Blacks in the Million Veteran Program.,Circulation,1;2;14,,"Journal Article;Research Support, U.S. Gov't, P.H.S."
31285632,2019,Genome-wide association study of peripheral artery disease in the Million Veteran Program.,Nature medicine,1;2,,"Journal Article;Research Support, N.I.H., Extramural;Research Support, Non-U.S. Gov't;Research Support, U.S. Gov't, Non-P.H.S."
31279615,2020,Fried food consumption and risk of coronary artery disease: The Million Veteran Program.,"Clinical nutrition (Edinburgh, Scotland)",1,,"Journal Article;Observational Study;Research Support, N.I.H., Extramural;Research Support, U.S. Gov't, Non-P.H.S."
31258967,2019,Genetically-guided algorithm development and sample size optimization for age-related macular degeneration cases and controls in electronic health records from the VA Million Veteran Program.,AMIA Joint Summits on Translational Science proceedings. AMIA Joint Summits on Translational Science,3;18,,Journal Article
31253243,2019,Gender Differences in Demographic and Health Characteristics of the Million Veteran Program Cohort.,Women's health issues : official publication of the Jacobs Institute of Women's Health,1;4;14;17,,"Journal Article;Research Support, U.S. Gov't, Non-P.H.S."
31151762,2019,"Genome-wide Association Study of Maximum Habitual Alcohol Intake in >140,000 U.S. European and African American Veterans Yields Novel Risk Loci.",Biological psychiatry,2;4;6,,"Journal Article;Research Support, N.I.H., Extramural;Research Support, U.S. Gov't, Non-P.H.S."
31106297,2018,Effects of Genetic Variants Associated with Familial Hypercholesterolemia on Low-Density Lipoprotein-Cholesterol Levels and Cardiovascular Outcomes in the Million Veteran Program.,Circulation. Genomic and precision medicine,1;2;10,,"Journal Article;Multicenter Study;Research Support, N.I.H., Extramural;Research Support, U.S. Gov't, Non-P.H.S."
30940813,2019,"Genome-wide association study of alcohol consumption and use disorder in 274,424 individuals from multiple populations.",Nature communications,2;4,,"Journal Article;Research Support, N.I.H., Extramural;Research Support, Non-U.S. Gov't"
30914216,2020,"Omega-3 supplement use, fish intake, and risk of non-fatal coronary artery disease and ischemic stroke in the Million Veteran Program.","Clinical nutrition (Edinburgh, Scotland)",1;14,14.2-stroke-cerebro,"Journal Article;Research Support, U.S. Gov't, Non-P.H.S."
30767326,2019,Genomics of posttraumatic stress disorder in veterans: Methods and rationale for Veterans Affairs Cooperative Study #575B.,International journal of methods in psychiatric research,2;4,,"Journal Article;Research Support, U.S. Gov't, Non-P.H.S."
30592535,2019,Longitudinal Drinking Patterns and Their Clinical Correlates in Million Veteran Program Participants.,"Alcoholism, clinical and experimental research",4,,"Journal Article;Research Support, U.S. Gov't, Non-P.H.S."
30578418,2019,"Trans-ethnic association study of blood pressure determinants in over 750,000 individuals.",Nature genetics,1;2,,"Journal Article;Research Support, N.I.H., Extramural;Research Support, Non-U.S. Gov't"
30425582,2018,A phenotyping algorithm to identify acute ischemic stroke accurately from a national biobank: the Million Veteran Program.,Clinical epidemiology,1;3;14,14.2-stroke-cerebro,Journal Article
30275531,2018,"Genetics of blood lipids among ~300,000 multi-ethnic participants of the Million Veteran Program.",Nature genetics,1;2,,"Journal Article;Research Support, N.I.H., Extramural;Research Support, U.S. Gov't, Non-P.H.S."
30090940,2018,Association of Interleukin 6 Receptor Variant With Cardiovascular Disease Effects of Interleukin 6 Receptor Blocking Therapy: A Phenome-Wide Association Study.,JAMA cardiology,1;2;3,,"Journal Article;Research Support, N.I.H., Extramural;Research Support, Non-U.S. Gov't;Research Support, U.S. Gov't, Non-P.H.S."
29972609,2018,AUDIT-C and ICD codes as phenotypes for harmful alcohol use: association with ADH1B polymorphisms in two US populations.,"Addiction (Abingdon, England)",3;4,,"Journal Article;Research Support, N.I.H., Extramural;Research Support, U.S. Gov't, Non-P.H.S."
29844141,2018,Interdisciplinary Models for Research and Clinical Endeavors in Genomic Medicine: A Scientific Statement From the American Heart Association.,Circulation. Genomic and precision medicine,1;2;14,,Journal Article;Review
29753396,2018,Prevalence of Ideal Cardiovascular Health Metrics in the Million Veteran Program.,The American journal of cardiology,1,,"Journal Article;Multicenter Study;Research Support, U.S. Gov't, Non-P.H.S."
29680824,2018,DASH Score and Subsequent Risk of Coronary Artery Disease: The Findings From Million Veteran Program.,Journal of the American Heart Association,1,,"Journal Article;Research Support, U.S. Gov't, Non-P.H.S."
29580627,2018,Alcohol Consumption and Risk of Coronary Artery Disease (from the Million Veteran Program).,The American journal of cardiology,1;4,,"Journal Article;Research Support, U.S. Gov't, Non-P.H.S."
33117892,2018,Baseline Characterization and Annual Trends of Body Mass Index for a Mega-Biobank Cohort of US Veterans 2011-2017.,Journal of health research and reviews in developing countries,1;4,,Journal Article
27237867,2016,Accelerating the Development and Validation of New Value-Based Diagnostics by Leveraging Biobanks.,Public health genomics,,,Journal Article
27128302,2016,Precision Medicine in Gastrointestinal Pathology.,Archives of pathology & laboratory medicine,2;5,,Journal Article;Review
26441289,2016,Million Veteran Program: A mega-biobank to study genetic influences on health and disease.,Journal of clinical epidemiology,,,"Journal Article;Observational Study;Research Support, U.S. Gov't, Non-P.H.S."
22538255,2012,Preferences for opt-in and opt-out enrollment and consent models in biobank research: a national survey of Veterans Administration patients.,Genetics in medicine : official journal of the American College of Medical Genetics,17,,Journal Article
